id,userName,email,profilePic
102,Jane Doe,jane@email.com,https://www.usnews.com/dims4/USNEWS/dbacc16/2147483647/thumbnail/970x647/quality/85/?url=https%3A%2F%2Fwww.usnews.com%2Fcmsmedia%2F5e%2Fd8%2F91ef09c14d268fb3dd981ec5347a%2Fintro-easter-island-mlenny.jpg
2,admin smith,test@gmail.com,https://www.bermanzi.co.za/wp-content/uploads/2020/05/couple-hiking-mountain-climbing-1296x728-header.jpg
112,John Smith,admin@email.com,https://w0.peakpx.com/wallpaper/832/896/HD-wallpaper-best-nature-nature.jpg
4,Paul Graham,PaulGraham@paulgraham.com,https://drakensberghikes.com/media/com_mtree/images/listings/o/3614.jpg
251,troy12772@teeeest123.co.za,troy12772@teeeest123.co.za,https://w0.peakpx.com/wallpaper/832/896/HD-wallpaper-best-nature-nature.jpg
302,Troy,TestUserTroy@test.com,https://w0.peakpx.com/wallpaper/832/896/HD-wallpaper-best-nature-nature.jpg
352,Team SEGFAULT,team.segfault.capstone@gmail.com,https://w0.peakpx.com/wallpaper/832/896/HD-wallpaper-best-nature-nature.jpg
402,Charles Leclerc,Test12@email.com6157,https://w0.peakpx.com/wallpaper/832/896/HD-wallpaper-best-nature-nature.jpg
403,Oscar Piastri,Test12email.com,https://w0.peakpx.com/wallpaper/832/896/HD-wallpaper-best-nature-nature.jpg
452,Lewis Hamilton,Test1256523email.com,https://w0.peakpx.com/wallpaper/832/896/HD-wallpaper-best-nature-nature.jpg
542,harperjones,harper.jones@example.com,profilepic90.jpg
543,williamdavis,william.davis@example.com,profilepic91.jpg
544,emilythompson,emily.thompson@example.com,profilepic92.jpg
545,sofiawilliams,sofia.williams@example.com,profilepic93.jpg
546,jacobscott,jacob.scott@example.com,profilepic94.jpg
547,miaallen,mia.allen@example.com,profilepic95.jpg
548,jamesmiller,james.miller@example.com,profilepic96.jpg
549,oliviaanderson,olivia.anderson@example.com,profilepic97.jpg
550,julianmartin,julian.martin@example.com,profilepic98.jpg
551,charlotteharris,charlotte.harris@example.com,profilepic99.jpg
552,elijahsmith,elijah.smith@example.com,profilepic100.jpg
461,helenmartinez,helen.martinez@example.com,https://w0.peakpx.com/wallpaper/832/896/HD-wallpaper-best-nature-nature.jpg
453,johndoe,john.doe@example.com,https://drakensberghikes.com/media/com_mtree/images/listings/o/3614.jpg
454,janedoe,jane.doe@example.com,https://drakensberghikes.com/media/com_mtree/images/listings/o/3614.jpg
455,bobsmith,bob.smith@example.com,https://w0.peakpx.com/wallpaper/832/896/HD-wallpaper-best-nature-nature.jpg
456,alicejohnson,alice.johnson@example.com,https://drakensberghikes.com/media/com_mtree/images/listings/o/3614.jpg
457,carolwilliams,carol.williams@example.com,https://drakensberghikes.com/media/com_mtree/images/listings/o/3614.jpg
458,frankbrown,frank.brown@example.com,https://drakensberghikes.com/media/com_mtree/images/listings/o/3614.jpg
459,evelyngarcia,evelyn.garcia@example.com,https://drakensberghikes.com/media/com_mtree/images/listings/o/3614.jpg
460,georgemiller,george.miller@example.com,https://drakensberghikes.com/media/com_mtree/images/listings/o/3614.jpg
462,ianlee,ian.lee@example.com,https://www.krugerpark.co.za/images/elephant-baby-krugerparl-590-590x280.jpg
463,laurajones,laura.jones@example.com,https://www.krugerpark.co.za/images/elephant-baby-krugerparl-590-590x280.jpg
541,jamessmith,james.smith@example.com,https://www.krugerpark.co.za/images/elephant-baby-krugerparl-590-590x280.jpg
540,alexandergarcia,alexander.garcia@example.com,https://www.krugerpark.co.za/images/elephant-baby-krugerparl-590-590x280.jpg
467,oliviawilliams,olivia.williams@example.com,https://www.goodthingsguy.com/wp-content/uploads/2017/01/597882562-620x400.jpg
472,michaelmoore,michael.moore@example.com,https://www.goodthingsguy.com/wp-content/uploads/2017/01/597882562-620x400.jpg
476,madisonhill,madison.hill@example.com,https://www.goodthingsguy.com/wp-content/uploads/2017/01/597882562-620x400.jpg
482,joshuaallen,joshua.allen@example.com,https://www.goodthingsguy.com/wp-content/uploads/2017/01/597882562-620x400.jpg
485,zacharyking,zachary.king@example.com,https://www.goodthingsguy.com/wp-content/uploads/2017/01/597882562-620x400.jpg
488,natalieking,natalie.king@example.com,https://www.goodthingsguy.com/wp-content/uploads/2017/01/597882562-620x400.jpg
535,emilythomas,emily.thomas@example.com,https://www.goodthingsguy.com/wp-content/uploads/2017/01/597882562-620x400.jpg
530,evelynscott,evelyn.scott@example.com,https://www.goodthingsguy.com/wp-content/uploads/2017/01/597882562-620x400.jpg
464,kevinwhite,kevin.white@example.com,https://media.architecturaldigest.com/photos/648a00aa1fa1b6e12cc85f4f/master/w_1920%2Cc_limit/GettyImages-557995745.jpg
465,emilybrown,emily.brown@example.com,https://media.architecturaldigest.com/photos/648a00aa1fa1b6e12cc85f4f/master/w_1920%2Cc_limit/GettyImages-557995745.jpg
466,danielrodriguez,daniel.rodriguez@example.com,https://media.architecturaldigest.com/photos/648a00aa1fa1b6e12cc85f4f/master/w_1920%2Cc_limit/GettyImages-557995745.jpg
468,ryananderson,ryan.anderson@example.com,https://media.architecturaldigest.com/photos/648a00aa1fa1b6e12cc85f4f/master/w_1920%2Cc_limit/GettyImages-557995745.jpg
469,emmajohnson,emma.johnson@example.com,https://media.architecturaldigest.com/photos/648a00aa1fa1b6e12cc85f4f/master/w_1920%2Cc_limit/GettyImages-557995745.jpg
470,alexmiller,alex.miller@example.com,https://media.architecturaldigest.com/photos/648a00aa1fa1b6e12cc85f4f/master/w_1920%2Cc_limit/GettyImages-557995745.jpg
471,sophiawilson,sophia.wilson@example.com,https://media.architecturaldigest.com/photos/648a00aa1fa1b6e12cc85f4f/master/w_1920%2Cc_limit/GettyImages-557995745.jpg
473,lisabrown,lisa.brown@example.com,https://media.architecturaldigest.com/photos/648a00aa1fa1b6e12cc85f4f/master/w_1920%2Cc_limit/GettyImages-557995745.jpg
474,jameslee,james.lee@example.com,https://media.architecturaldigest.com/photos/648a00aa1fa1b6e12cc85f4f/master/w_1920%2Cc_limit/GettyImages-557995745.jpg
475,williamhall,william.hall@example.com,https://media.architecturaldigest.com/photos/648a00aa1fa1b6e12cc85f4f/master/w_1920%2Cc_limit/GettyImages-557995745.jpg
477,benjaminsmith,benjamin.smith@example.com,https://cdn.pixabay.com/photo/2014/09/21/17/56/mountaineering-455338_640.jpg
478,isabellaadams,isabella.adams@example.com,https://cdn.pixabay.com/photo/2014/09/21/17/56/mountaineering-455338_640.jpg
479,liamthomas,liam.thomas@example.com,https://cdn.pixabay.com/photo/2014/09/21/17/56/mountaineering-455338_640.jpg
480,averyclark,avery.clark@example.com,https://cdn.pixabay.com/photo/2014/09/21/17/56/mountaineering-455338_640.jpg
481,gracelewis,grace.lewis@example.com,https://cdn.pixabay.com/photo/2014/09/21/17/56/mountaineering-455338_640.jpg
483,scarlettyoung,scarlett.young@example.com,https://cdn.pixabay.com/photo/2014/09/21/17/56/mountaineering-455338_640.jpg
484,ethanmartin,ethan.martin@example.com,https://cdn.pixabay.com/photo/2014/09/21/17/56/mountaineering-455338_640.jpg
486,aliceharris,alice.harris@example.com,https://cdn.pixabay.com/photo/2014/09/21/17/56/mountaineering-455338_640.jpg
487,ryanparker,ryan.parker@example.com,https://cdn.pixabay.com/photo/2014/09/21/17/56/mountaineering-455338_640.jpg
489,loganmartin,logan.martin@example.com,https://africanbushcamps.com/wp-content/uploads/2018/05/Victoria-Falls_03.jpg
490,miriamjones,miriam.jones@example.com,https://africanbushcamps.com/wp-content/uploads/2018/05/Victoria-Falls_03.jpg
491,alexanderroberts,alexander.roberts@example.com,https://africanbushcamps.com/wp-content/uploads/2018/05/Victoria-Falls_03.jpg
492,chloecollins,chloe.collins@example.com,https://africanbushcamps.com/wp-content/uploads/2018/05/Victoria-Falls_03.jpg
493,henryscott,henry.scott@example.com,https://africanbushcamps.com/wp-content/uploads/2018/05/Victoria-Falls_03.jpg
494,auroradavis,aurora.davis@example.com,https://africanbushcamps.com/wp-content/uploads/2018/05/Victoria-Falls_03.jpg
495,jacksonking,jackson.king@example.com,https://africanbushcamps.com/wp-content/uploads/2018/05/Victoria-Falls_03.jpg
496,arielwalker,ariel.walker@example.com,https://africanbushcamps.com/wp-content/uploads/2018/05/Victoria-Falls_03.jpg
497,juliaadams,julia.adams@example.com,https://africanbushcamps.com/wp-content/uploads/2018/05/Victoria-Falls_03.jpg
498,lucaswilliams,lucas.williams@example.com,https://africanbushcamps.com/wp-content/uploads/2018/05/Victoria-Falls_03.jpg
499,marieanderson,marie.anderson@example.com,https://cdn.pixabay.com/photo/2016/11/21/17/09/animals-1846546_640.jpg
500,adamwright,adam.wright@example.com,https://cdn.pixabay.com/photo/2016/11/21/17/09/animals-1846546_640.jpg
501,emilysmith,emily.smith@example.com,https://cdn.pixabay.com/photo/2016/11/21/17/09/animals-1846546_640.jpg
502,ryanbaker,ryan.baker@example.com,https://cdn.pixabay.com/photo/2016/11/21/17/09/animals-1846546_640.jpg
503,danielgarcia,daniel.garcia@example.com,https://cdn.pixabay.com/photo/2016/11/21/17/09/animals-1846546_640.jpg
504,sophiawalker,sophia.walker@example.com,https://cdn.pixabay.com/photo/2016/11/21/17/09/animals-1846546_640.jpg
505,elijahgreen,elijah.green@example.com,https://cdn.pixabay.com/photo/2016/11/21/17/09/animals-1846546_640.jpg
506,gracewhite,grace.white@example.com,https://cdn.pixabay.com/photo/2016/11/21/17/09/animals-1846546_640.jpg
507,michaelmartin,michael.martin@example.com,https://cdn.pixabay.com/photo/2016/11/21/17/09/animals-1846546_640.jpg
508,abigailrodriguez,abigail.rodriguez@example.com,https://cdn.pixabay.com/photo/2016/11/21/17/09/animals-1846546_640.jpg
509,thomasdavis,thomas.davis@example.com,https://cdn.pixabay.com/photo/2016/11/21/17/09/animals-1846546_640.jpg
510,harperwilson,harper.wilson@example.com,https://cdn.pixabay.com/photo/2016/11/21/17/09/animals-1846546_640.jpg
511,benjaminbrown,benjamin.brown@example.com,https://cdn.pixabay.com/photo/2016/11/21/17/09/animals-1846546_640.jpg
512,lilyjackson,lily.jackson@example.com,https://cdn.pixabay.com/photo/2020/04/13/11/49/forest-5038025_1280.jpg
513,henrycollins,henry.collins@example.com,https://cdn.pixabay.com/photo/2020/04/13/11/49/forest-5038025_1280.jpg
514,avaallen,ava.allen@example.com,https://cdn.pixabay.com/photo/2020/04/13/11/49/forest-5038025_1280.jpg
515,jacobhill,jacob.hill@example.com,https://cdn.pixabay.com/photo/2020/04/13/11/49/forest-5038025_1280.jpg
516,oliviamartin,olivia.martin@example.com,https://cdn.pixabay.com/photo/2020/04/13/11/49/forest-5038025_1280.jpg
517,julianthomas,julian.thomas@example.com,https://cdn.pixabay.com/photo/2020/04/13/11/49/forest-5038025_1280.jpg
518,zoeallen,zoe.allen@example.com,https://cdn.pixabay.com/photo/2020/04/13/11/49/forest-5038025_1280.jpg
519,williamharris,william.harris@example.com,https://cdn.pixabay.com/photo/2020/04/13/11/49/forest-5038025_1280.jpg
520,lucascarter,lucas.carter@example.com,https://cdn.pixabay.com/photo/2020/04/13/11/49/forest-5038025_1280.jpg
521,emilyjones,emily.jones@example.com,https://cdn.pixabay.com/photo/2020/04/13/11/49/forest-5038025_1280.jpg
522,michaelwilliams,michael.williams@example.com,https://cdn.pixabay.com/photo/2020/04/13/11/49/forest-5038025_1280.jpg
523,sarahscott,sarah.scott@example.com,https://cdn.pixabay.com/photo/2020/04/13/11/49/forest-5038025_1280.jpg
524,calebmartin,caleb.martin@example.com,https://cdn.outsideonline.com/wp-content/uploads/2023/05/plitvice-lakes-croatia_h.jpg?width=768
525,elizabethmoore,elizabeth.moore@example.com,https://cdn.outsideonline.com/wp-content/uploads/2023/05/plitvice-lakes-croatia_h.jpg?width=768
526,liammartin,liam.martin@example.com,https://cdn.outsideonline.com/wp-content/uploads/2023/05/plitvice-lakes-croatia_h.jpg?width=768
527,juliagreen,julia.green@example.com,https://cdn.outsideonline.com/wp-content/uploads/2023/05/plitvice-lakes-croatia_h.jpg?width=768
528,jameswalker,james.walker@example.com,https://cdn.outsideonline.com/wp-content/uploads/2023/05/plitvice-lakes-croatia_h.jpg?width=768
529,charlottejones,charlotte.jones@example.com,https://cdn.outsideonline.com/wp-content/uploads/2023/05/plitvice-lakes-croatia_h.jpg?width=768
531,henrymartin,henry.martin@example.com,https://cdn.outsideonline.com/wp-content/uploads/2023/05/plitvice-lakes-croatia_h.jpg?width=768
532,ameliaanderson,amelia.anderson@example.com,https://cdn.outsideonline.com/wp-content/uploads/2023/05/plitvice-lakes-croatia_h.jpg?width=768
533,johnroberts,john.roberts@example.com,https://cdn.outsideonline.com/wp-content/uploads/2023/05/plitvice-lakes-croatia_h.jpg?width=768
534,madisonparker,madison.parker@example.com,https://cdn.outsideonline.com/wp-content/uploads/2023/05/plitvice-lakes-croatia_h.jpg?width=768
536,ryankim,ryan.kim@example.com,https://cdn.outsideonline.com/wp-content/uploads/2023/05/plitvice-lakes-croatia_h.jpg?width=768
537,sofiaadams,sofia.adams@example.com,https://cdn.outsideonline.com/wp-content/uploads/2023/05/plitvice-lakes-croatia_h.jpg?width=768
538,ethanwilliams,ethan.williams@example.com,https://cdn.outsideonline.com/wp-content/uploads/2023/05/plitvice-lakes-croatia_h.jpg?width=768
539,lilycollins,lily.collins@example.com,https://cdn.outsideonline.com/wp-content/uploads/2023/05/plitvice-lakes-croatia_h.jpg?width=768
553,Hdu3qe2qBois@martinese.com,Hdu3qe2qBois@martinese.com,
602,peter234@gmail.com,peter234@gmail.com,
652,aliyah123678@gmail.com,aliyah123678@gmail.com,
702,testLuke@mailProvider.com,testLuke@mailProvider.com,
752,troy121772main@gmail.com,troy121772main@gmail.com,
1,admin123@gmail.com,tester@mweb.com,https://w0.peakpx.com/wallpaper/832/896/HD-wallpaper-best-nature-nature.jpg
802,Troy@admin.com,Troy@admin.com,
